<news>
    <title>Nuevos cursos en DigitalHouse</title>
    <date>06/06/2016 14:00</date>
    <description>Lorem ipsum dolor sit amet, consectetur adipiscing elit. Vestibulum ac nisl eu tortor maximus feugiat ut ut mi. Praesent finibus leo et quam rutrum egestas. Sed pharetra egestas dolor, non mattis nibh luctus eget. Donec pulvinar lorem a lobortis iaculis. Quisque ac mollis odio. Maecenas ut metus fringilla arcu porttitor accumsan. Praesent vehicula pulvinar sapien, in tincidunt risus accumsan vel. Etiam pharetra cursus orci, eget elementum enim. Nulla a ipsum vitae libero cursus rutrum. Sed tortor justo, rutrum eu ante vitae, faucibus auctor nisl. Duis ultricies non metus et tristique. Aliquam quam orci, cursus sed finibus ut, facilisis nec sem. Vestibulum pellentesque a leo eu finibus. Vestibulum massa nulla, accumsan sed leo ut, sagittis hendrerit nunc.</description>
    <author>mdagostino</author>
</news>